{
    "EEG_Ch1_Delta_Abs": 14351099959651.92,
    "EEG_Ch1_Delta_Rel": 0.06410452575286239,
    "EEG_Ch2_Delta_Abs": 15219025681499.912,
    "EEG_Ch2_Delta_Rel": 0.06660798207248105,
    "EEG_Ch3_Delta_Abs": 14821358522075.396,
    "EEG_Ch3_Delta_Rel": 0.0660774012119288,
    "EEG_Ch4_Delta_Abs": 15031598008381.092,
    "EEG_Ch4_Delta_Rel": 0.06775980004105835,
    "EEG_Ch5_Delta_Abs": 15438924668029.783,
    "EEG_Ch5_Delta_Rel": 0.06899433126828582,
    "EEG_Ch6_Delta_Abs": 15773877952315.76,
    "EEG_Ch6_Delta_Rel": 0.07072384432448535,
    "EEG_Ch7_Delta_Abs": 15173336515700.74,
    "EEG_Ch7_Delta_Rel": 0.06768382408826551,
    "EEG_Ch8_Delta_Abs": 13698804255629.234,
    "EEG_Ch8_Delta_Rel": 0.06122839898747536,
    "EEG_Ch1_Theta_Abs": 20403004378068.69,
    "EEG_Ch1_Theta_Rel": 0.09106526052711021,
    "EEG_Ch2_Theta_Abs": 20840753664906.727,
    "EEG_Ch2_Theta_Rel": 0.09133661772221764,
    "EEG_Ch3_Theta_Abs": 19221354416917.957,
    "EEG_Ch3_Theta_Rel": 0.08539858383339272,
    "EEG_Ch4_Theta_Abs": 20214982109399.676,
    "EEG_Ch4_Theta_Rel": 0.09108433410352296,
    "EEG_Ch5_Theta_Abs": 20235928694242.44,
    "EEG_Ch5_Theta_Rel": 0.09047407007733603,
    "EEG_Ch6_Theta_Abs": 21384024968814.18,
    "EEG_Ch6_Theta_Rel": 0.09598146726275918,
    "EEG_Ch7_Theta_Abs": 18852406645927.31,
    "EEG_Ch7_Theta_Rel": 0.0840880340131888,
    "EEG_Ch8_Theta_Abs": 20677579333719.61,
    "EEG_Ch8_Theta_Rel": 0.09255781546663587,
    "EEG_Ch1_Alpha_Abs": 24163753560119.746,
    "EEG_Ch1_Alpha_Rel": 0.10781905413774324,
    "EEG_Ch2_Alpha_Abs": 23717160350804.72,
    "EEG_Ch2_Alpha_Rel": 0.10395640069826902,
    "EEG_Ch3_Alpha_Abs": 23132343929858.73,
    "EEG_Ch3_Alpha_Rel": 0.10308489540320491,
    "EEG_Ch4_Alpha_Abs": 25080648630549.75,
    "EEG_Ch4_Alpha_Rel": 0.11303117118775459,
    "EEG_Ch5_Alpha_Abs": 24767703720482.01,
    "EEG_Ch5_Alpha_Rel": 0.11070527875244374,
    "EEG_Ch6_Alpha_Abs": 24912456278569.605,
    "EEG_Ch6_Alpha_Rel": 0.11172968847199728,
    "EEG_Ch7_Alpha_Abs": 25810517149339.223,
    "EEG_Ch7_Alpha_Rel": 0.11503084971211881,
    "EEG_Ch8_Alpha_Abs": 24584585839382.562,
    "EEG_Ch8_Alpha_Rel": 0.1099967180914037,
    "EEG_Ch1_Beta_Abs": 85016409074481.77,
    "EEG_Ch1_Beta_Rel": 0.37944814367722207,
    "EEG_Ch2_Beta_Abs": 88208213755035.75,
    "EEG_Ch2_Beta_Rel": 0.38652602503661154,
    "EEG_Ch3_Beta_Abs": 83357129348539.48,
    "EEG_Ch3_Beta_Rel": 0.37068596374673674,
    "EEG_Ch4_Beta_Abs": 83415646114203.86,
    "EEG_Ch4_Beta_Rel": 0.3759271014266589,
    "EEG_Ch5_Beta_Abs": 82904438807939.14,
    "EEG_Ch5_Beta_Rel": 0.370860654061572,
    "EEG_Ch6_Beta_Abs": 81719053230636.77,
    "EEG_Ch6_Beta_Rel": 0.3668862055021798,
    "EEG_Ch7_Beta_Abs": 84178307514290.92,
    "EEG_Ch7_Beta_Rel": 0.37552778639855894,
    "EEG_Ch8_Beta_Abs": 83664264335760.47,
    "EEG_Ch8_Beta_Rel": 0.3742438165533599,
    "EEG_Ch1_Gamma_Abs": 80104747784106.83,
    "EEG_Ch1_Gamma_Rel": 0.35756301590506206,
    "EEG_Ch2_Gamma_Abs": 80245863573747.03,
    "EEG_Ch2_Gamma_Rel": 0.3515729744704208,
    "EEG_Ch3_Gamma_Abs": 84247525950914.69,
    "EEG_Ch3_Gamma_Rel": 0.3747531558047368,
    "EEG_Ch4_Gamma_Abs": 78146282623795.95,
    "EEG_Ch4_Gamma_Rel": 0.3521975932410053,
    "EEG_Ch5_Gamma_Abs": 80237779110719.64,
    "EEG_Ch5_Gamma_Rel": 0.35896566584036244,
    "EEG_Ch6_Gamma_Abs": 78964333020960.7,
    "EEG_Ch6_Gamma_Rel": 0.3546787944385783,
    "EEG_Ch7_Gamma_Abs": 80246735214129.52,
    "EEG_Ch7_Gamma_Rel": 0.35766950578786805,
    "EEG_Ch8_Gamma_Abs": 80908960024986.03,
    "EEG_Ch8_Gamma_Rel": 0.36197325090112525,
    "EEG_Frontal_TAR": 0.8666375564025621,
    "EEG_Frontal_TBR": 0.23812594624734038,
    "EEG_FAA_AF4_AF3": 0.014846420965189585,
    "EEG_Ch1_ApproxEn": 2.2549498420028193,
    "EEG_Ch1_Fractal": 1.0219545980820555,
    "EEG_Ch2_ApproxEn": 2.2566389867156986,
    "EEG_Ch2_Fractal": 1.0219264294662298,
    "EEG_Ch3_ApproxEn": 2.258647784582426,
    "EEG_Ch3_Fractal": 1.0219216128019197,
    "EEG_Ch4_ApproxEn": 2.256032405264615,
    "EEG_Ch4_Fractal": 1.0219948939902435,
    "EEG_Ch5_ApproxEn": 2.2540317760936808,
    "EEG_Ch5_Fractal": 1.021948599412797,
    "EEG_Ch6_ApproxEn": 2.256747032710118,
    "EEG_Ch6_Fractal": 1.0219497687133978,
    "EEG_Ch7_ApproxEn": 2.2571210607060537,
    "EEG_Ch7_Fractal": 1.0219362769032605,
    "EEG_Ch8_ApproxEn": 2.257664462431158,
    "EEG_Ch8_Fractal": 1.0219164507707321,
    "GSR_Raw_Mean": 4.999609261486266,
    "GSR_SCL_Mean": 4.997571308978775,
    "GSR_SCR_Peaks": 95.0,
    "GSR_SCR_Amplitude": 0.49908810776695645,
    "GSR_Phasic_STD": 0.3535513111023339,
    "ET_Pupil_Mean": 2.997262471139768,
    "ET_Gaze_Entropy": 1.604132892996037,
    "ET_Fix_Rate": 0.0,
    "ET_Blink_Count": 0.0
}