{
    "EEG_Ch1_Delta_Abs": 9.745888038436393,
    "EEG_Ch1_Delta_Rel": 0.41651425629779587,
    "EEG_Ch2_Delta_Abs": 11.024764477687725,
    "EEG_Ch2_Delta_Rel": 0.4060504091907589,
    "EEG_Ch3_Delta_Abs": 8.023893315510197,
    "EEG_Ch3_Delta_Rel": 0.38531792630090994,
    "EEG_Ch4_Delta_Abs": 9.39761721373424,
    "EEG_Ch4_Delta_Rel": 0.39321006028830086,
    "EEG_Ch5_Delta_Abs": 7.892433047091988,
    "EEG_Ch5_Delta_Rel": 0.38009537943377153,
    "EEG_Ch6_Delta_Abs": 11.555524093917017,
    "EEG_Ch6_Delta_Rel": 0.386645416648104,
    "EEG_Ch7_Delta_Abs": 10.280918496271854,
    "EEG_Ch7_Delta_Rel": 0.4088296671609473,
    "EEG_Ch8_Delta_Abs": 3.382598082379294,
    "EEG_Ch8_Delta_Rel": 0.38579086548910196,
    "EEG_Ch1_Theta_Abs": 5.043569911005634,
    "EEG_Ch1_Theta_Rel": 0.21634175034419087,
    "EEG_Ch2_Theta_Abs": 5.085498232696692,
    "EEG_Ch2_Theta_Rel": 0.1882534048283785,
    "EEG_Ch3_Theta_Abs": 4.721588160281012,
    "EEG_Ch3_Theta_Rel": 0.22803254224433545,
    "EEG_Ch4_Theta_Abs": 5.2821254877072645,
    "EEG_Ch4_Theta_Rel": 0.22243262536342814,
    "EEG_Ch5_Theta_Abs": 4.524717663756589,
    "EEG_Ch5_Theta_Rel": 0.2189733467572191,
    "EEG_Ch6_Theta_Abs": 6.1342369740621985,
    "EEG_Ch6_Theta_Rel": 0.2066881009212318,
    "EEG_Ch7_Theta_Abs": 4.565149304392032,
    "EEG_Ch7_Theta_Rel": 0.18238553758022027,
    "EEG_Ch8_Theta_Abs": 1.5129291135228573,
    "EEG_Ch8_Theta_Rel": 0.17266191190243704,
    "EEG_Ch1_Alpha_Abs": 2.6319305822128354,
    "EEG_Ch1_Alpha_Rel": 0.11262069672400349,
    "EEG_Ch2_Alpha_Abs": 2.9571657170083765,
    "EEG_Ch2_Alpha_Rel": 0.10924927534534712,
    "EEG_Ch3_Alpha_Abs": 2.6767950758741734,
    "EEG_Ch3_Alpha_Rel": 0.12889391493026428,
    "EEG_Ch4_Alpha_Abs": 2.9275565379930053,
    "EEG_Ch4_Alpha_Rel": 0.12278956921732802,
    "EEG_Ch5_Alpha_Abs": 2.593105817446054,
    "EEG_Ch5_Alpha_Rel": 0.12500774091916358,
    "EEG_Ch6_Alpha_Abs": 3.2236653532209143,
    "EEG_Ch6_Alpha_Rel": 0.10769393765332512,
    "EEG_Ch7_Alpha_Abs": 2.7094307864679483,
    "EEG_Ch7_Alpha_Rel": 0.10817257734195657,
    "EEG_Ch8_Alpha_Abs": 1.4460794073905159,
    "EEG_Ch8_Alpha_Rel": 0.16466334049749656,
    "EEG_Ch1_Beta_Abs": 4.817378440429241,
    "EEG_Ch1_Beta_Rel": 0.2053101350808925,
    "EEG_Ch2_Beta_Abs": 6.163791804085243,
    "EEG_Ch2_Beta_Rel": 0.2250809888383949,
    "EEG_Ch3_Beta_Abs": 4.286589077454812,
    "EEG_Ch3_Beta_Rel": 0.20581704145579002,
    "EEG_Ch4_Beta_Abs": 5.042744396574921,
    "EEG_Ch4_Beta_Rel": 0.21057484056635303,
    "EEG_Ch5_Beta_Abs": 4.532813602217858,
    "EEG_Ch5_Beta_Rel": 0.2175541165489195,
    "EEG_Ch6_Beta_Abs": 7.047656270376799,
    "EEG_Ch6_Beta_Rel": 0.23152462806198618,
    "EEG_Ch7_Beta_Abs": 5.75108766283702,
    "EEG_Ch7_Beta_Rel": 0.2264890161350198,
    "EEG_Ch8_Beta_Abs": 1.9644142096626782,
    "EEG_Ch8_Beta_Rel": 0.22377558903752928,
    "EEG_Ch1_Gamma_Abs": 1.1566749156798208,
    "EEG_Ch1_Gamma_Rel": 0.04921316151032068,
    "EEG_Ch2_Gamma_Abs": 1.9912058559526582,
    "EEG_Ch2_Gamma_Rel": 0.07136592176014889,
    "EEG_Ch3_Gamma_Abs": 1.0832564751887659,
    "EEG_Ch3_Gamma_Rel": 0.05193857502052698,
    "EEG_Ch4_Gamma_Abs": 1.2227472206243803,
    "EEG_Ch4_Gamma_Rel": 0.05099290452262054,
    "EEG_Ch5_Gamma_Abs": 1.2234178286022472,
    "EEG_Ch5_Gamma_Rel": 0.05836941629268331,
    "EEG_Ch6_Gamma_Abs": 2.0876324443458736,
    "EEG_Ch6_Gamma_Rel": 0.06744791668179408,
    "EEG_Ch7_Gamma_Abs": 1.9245119757251292,
    "EEG_Ch7_Gamma_Rel": 0.0741232017418964,
    "EEG_Ch8_Gamma_Abs": 0.46543773578835435,
    "EEG_Ch8_Gamma_Rel": 0.053108292959363486,
    "EEG_Frontal_TAR": 1.8148148322131759,
    "EEG_Frontal_TBR": 0.9487522794363574,
    "EEG_FAA_AF4_AF3": -0.11510570294137042,
    "EEG_Ch1_ApproxEn": 0.3107151665801733,
    "EEG_Ch1_Fractal": 1.002169033737902,
    "EEG_Ch2_ApproxEn": 0.3264558579661386,
    "EEG_Ch2_Fractal": 1.0022610877452207,
    "EEG_Ch3_ApproxEn": 0.3377345702959613,
    "EEG_Ch3_Fractal": 1.0021593168062866,
    "EEG_Ch4_ApproxEn": 0.33489894842363155,
    "EEG_Ch4_Fractal": 1.002178929405233,
    "EEG_Ch5_ApproxEn": 0.33684386894827556,
    "EEG_Ch5_Fractal": 1.002191777372394,
    "EEG_Ch6_ApproxEn": 0.35685763832132755,
    "EEG_Ch6_Fractal": 1.0022477967859034,
    "EEG_Ch7_ApproxEn": 0.3281770631379981,
    "EEG_Ch7_Fractal": 1.002278898872895,
    "EEG_Ch8_ApproxEn": 0.3146178261930082,
    "EEG_Ch8_Fractal": 1.0021329891808197,
    "GSR_Raw_Mean": 7.712278452510304,
    "GSR_SCL_Mean": 7.734888596296329,
    "GSR_SCR_Peaks": 12.0,
    "GSR_SCR_Amplitude": 0.34024419418828417,
    "GSR_Phasic_STD": 0.31967597801875663,
    "ECG_HRV_MeanNN": 670.1975626078687,
    "ECG_HRV_SDNN": 22.049412080849894,
    "ECG_HRV_RMSSD": 17.651790898643792,
    "ECG_HRV_pNN50": 0.37878787878787884,
    "ECG_HRV_LF": 0.04619892620269156,
    "ECG_HRV_HF": 0.03848891473527013,
    "ECG_HRV_LFHF": 2.0261132453997845,
    "ECG_HRV_SD1": 12.551446624253025,
    "ECG_HRV_SD2": 28.29711546990843,
    "ET_Gaze_Entropy": 2.7784584229625424,
    "ET_Fix_Rate": 43.76342592592592,
    "ET_Blink_Count": 31.666666666666668,
    "ET_Saccade_Dist": 0.002472323208104281
}