{
    "EEG_Ch1_Delta_Abs": 10.35200365110935,
    "EEG_Ch1_Delta_Rel": 0.3864527398347309,
    "EEG_Ch2_Delta_Abs": 18.887131677278322,
    "EEG_Ch2_Delta_Rel": 0.46542553127318786,
    "EEG_Ch3_Delta_Abs": 8.865011896478364,
    "EEG_Ch3_Delta_Rel": 0.3755242952851309,
    "EEG_Ch4_Delta_Abs": 9.698872365443044,
    "EEG_Ch4_Delta_Rel": 0.358301083388547,
    "EEG_Ch5_Delta_Abs": 10.336643511874618,
    "EEG_Ch5_Delta_Rel": 0.3990187521712973,
    "EEG_Ch6_Delta_Abs": 25.654415111909433,
    "EEG_Ch6_Delta_Rel": 0.4758946471701235,
    "EEG_Ch7_Delta_Abs": 17.37832310553142,
    "EEG_Ch7_Delta_Rel": 0.457511714331889,
    "EEG_Ch8_Delta_Abs": 4.84796980555252,
    "EEG_Ch8_Delta_Rel": 0.4608411877547902,
    "EEG_Ch1_Theta_Abs": 5.46331112902437,
    "EEG_Ch1_Theta_Rel": 0.20416237928381786,
    "EEG_Ch2_Theta_Abs": 5.722977126123315,
    "EEG_Ch2_Theta_Rel": 0.14125757721085286,
    "EEG_Ch3_Theta_Abs": 4.961968286253742,
    "EEG_Ch3_Theta_Rel": 0.2105923733921011,
    "EEG_Ch4_Theta_Abs": 5.618404494862738,
    "EEG_Ch4_Theta_Rel": 0.20777782062406838,
    "EEG_Ch5_Theta_Abs": 4.774207251294139,
    "EEG_Ch5_Theta_Rel": 0.18458542678252124,
    "EEG_Ch6_Theta_Abs": 6.836714864404385,
    "EEG_Ch6_Theta_Rel": 0.12766334288550618,
    "EEG_Ch7_Theta_Abs": 5.165854157406673,
    "EEG_Ch7_Theta_Rel": 0.13628398717035314,
    "EEG_Ch8_Theta_Abs": 1.6660163308242222,
    "EEG_Ch8_Theta_Rel": 0.15878222181785281,
    "EEG_Ch1_Alpha_Abs": 2.5486800048347296,
    "EEG_Ch1_Alpha_Rel": 0.09510836564941917,
    "EEG_Ch2_Alpha_Abs": 3.2528209106335555,
    "EEG_Ch2_Alpha_Rel": 0.08021028111702319,
    "EEG_Ch3_Alpha_Abs": 2.551531820910386,
    "EEG_Ch3_Alpha_Rel": 0.10858681039482225,
    "EEG_Ch4_Alpha_Abs": 2.7376084716611415,
    "EEG_Ch4_Alpha_Rel": 0.10119639549422571,
    "EEG_Ch5_Alpha_Abs": 2.618368964337349,
    "EEG_Ch5_Alpha_Rel": 0.10146589015039227,
    "EEG_Ch6_Alpha_Abs": 3.676550747556055,
    "EEG_Ch6_Alpha_Rel": 0.06839544398625512,
    "EEG_Ch7_Alpha_Abs": 2.9999658241001455,
    "EEG_Ch7_Alpha_Rel": 0.07905413204301431,
    "EEG_Ch8_Alpha_Abs": 1.4298604082635176,
    "EEG_Ch8_Alpha_Rel": 0.13653576414894683,
    "EEG_Ch1_Beta_Abs": 6.256115488828357,
    "EEG_Ch1_Beta_Rel": 0.23319294553646341,
    "EEG_Ch2_Beta_Abs": 8.495406978313227,
    "EEG_Ch2_Beta_Rel": 0.20912850808359607,
    "EEG_Ch3_Beta_Abs": 5.174000316987903,
    "EEG_Ch3_Beta_Rel": 0.21991191361108,
    "EEG_Ch4_Beta_Abs": 6.605955950015821,
    "EEG_Ch4_Beta_Rel": 0.24402280356600903,
    "EEG_Ch5_Beta_Abs": 5.6723474687618385,
    "EEG_Ch5_Beta_Rel": 0.21933666225449278,
    "EEG_Ch6_Beta_Abs": 11.644100305290342,
    "EEG_Ch6_Beta_Rel": 0.21684363306543797,
    "EEG_Ch7_Beta_Abs": 8.226958263788463,
    "EEG_Ch7_Beta_Rel": 0.21666090432240057,
    "EEG_Ch8_Beta_Abs": 1.894530459075123,
    "EEG_Ch8_Beta_Rel": 0.18099283804984043,
    "EEG_Ch1_Gamma_Abs": 2.167683497710686,
    "EEG_Ch1_Gamma_Rel": 0.08108356965819752,
    "EEG_Ch2_Gamma_Abs": 4.224036744820586,
    "EEG_Ch2_Gamma_Rel": 0.10397810229068988,
    "EEG_Ch3_Gamma_Abs": 2.006458200814718,
    "EEG_Ch3_Gamma_Rel": 0.08538460727428955,
    "EEG_Ch4_Gamma_Abs": 2.395575674794197,
    "EEG_Ch4_Gamma_Rel": 0.08870189689013785,
    "EEG_Ch5_Gamma_Abs": 2.4690238063212737,
    "EEG_Ch5_Gamma_Rel": 0.09559326860254287,
    "EEG_Ch6_Gamma_Abs": 5.935419918162495,
    "EEG_Ch6_Gamma_Rel": 0.11120293287399609,
    "EEG_Ch7_Gamma_Abs": 4.197972237156414,
    "EEG_Ch7_Gamma_Rel": 0.11048926210599423,
    "EEG_Ch8_Gamma_Abs": 0.6597888628480596,
    "EEG_Ch8_Gamma_Rel": 0.0628479881331978,
    "EEG_Frontal_TAR": 1.931426830495553,
    "EEG_Frontal_TBR": 0.7648760963590041,
    "EEG_FAA_AF4_AF3": -0.24556721284530172,
    "EEG_Ch1_ApproxEn": 0.30563018007351667,
    "EEG_Ch1_Fractal": 1.0023618200870061,
    "EEG_Ch2_ApproxEn": 0.37891326319442625,
    "EEG_Ch2_Fractal": 1.0024922540458852,
    "EEG_Ch3_ApproxEn": 0.34165737566603616,
    "EEG_Ch3_Fractal": 1.002390687084761,
    "EEG_Ch4_ApproxEn": 0.2896270267095245,
    "EEG_Ch4_Fractal": 1.002385151754233,
    "EEG_Ch5_ApproxEn": 0.3582434430724624,
    "EEG_Ch5_Fractal": 1.0024373313360864,
    "EEG_Ch6_ApproxEn": 0.15813131267315125,
    "EEG_Ch6_Fractal": 1.002486329874099,
    "EEG_Ch7_ApproxEn": 0.37728163328003106,
    "EEG_Ch7_Fractal": 1.0025116079939014,
    "EEG_Ch8_ApproxEn": 0.16471486297211616,
    "EEG_Ch8_Fractal": 1.0023550945398545,
    "GSR_Raw_Mean": 10.910899577943482,
    "GSR_SCL_Mean": 10.883489872605429,
    "GSR_SCR_Peaks": 15.333333333333334,
    "GSR_SCR_Amplitude": 0.4687524728278023,
    "GSR_Phasic_STD": 0.6312673131381662,
    "ECG_HRV_MeanNN": 636.1606831740668,
    "ECG_HRV_SDNN": 21.363193320868124,
    "ECG_HRV_RMSSD": 14.956895123277635,
    "ECG_HRV_pNN50": 0.7326007326007327,
    "ECG_HRV_LF": 0.03361936907694002,
    "ECG_HRV_HF": 0.017553337466697398,
    "ECG_HRV_LFHF": 2.1259790923848434,
    "ECG_HRV_SD1": 10.625822730648792,
    "ECG_HRV_SD2": 28.067791300180627,
    "ET_Gaze_Entropy": 2.6784443650603897,
    "ET_Fix_Rate": 64.6976851851852,
    "ET_Blink_Count": 12.333333333333334,
    "ET_Saccade_Dist": 0.002306069983955586
}