{
    "EEG_Ch1_Delta_Abs": 10.451884104605165,
    "EEG_Ch1_Delta_Rel": 0.38895538706304605,
    "EEG_Ch2_Delta_Abs": 19.250876685384124,
    "EEG_Ch2_Delta_Rel": 0.4668087322395363,
    "EEG_Ch3_Delta_Abs": 9.095569688368245,
    "EEG_Ch3_Delta_Rel": 0.38036825467226426,
    "EEG_Ch4_Delta_Abs": 9.898477714852971,
    "EEG_Ch4_Delta_Rel": 0.3634278929309058,
    "EEG_Ch5_Delta_Abs": 10.713080663586076,
    "EEG_Ch5_Delta_Rel": 0.40486700627572497,
    "EEG_Ch6_Delta_Abs": 25.632257621933707,
    "EEG_Ch6_Delta_Rel": 0.4760152360718704,
    "EEG_Ch7_Delta_Abs": 17.74168489108492,
    "EEG_Ch7_Delta_Rel": 0.4596573640994355,
    "EEG_Ch8_Delta_Abs": 5.038516484513694,
    "EEG_Ch8_Delta_Rel": 0.4665379062668393,
    "EEG_Ch1_Theta_Abs": 5.376291860623013,
    "EEG_Ch1_Theta_Rel": 0.2004246244689587,
    "EEG_Ch2_Theta_Abs": 5.892013275691416,
    "EEG_Ch2_Theta_Rel": 0.14297696490891224,
    "EEG_Ch3_Theta_Abs": 5.0030048523894415,
    "EEG_Ch3_Theta_Rel": 0.20952065733755723,
    "EEG_Ch4_Theta_Abs": 5.5432062262588415,
    "EEG_Ch4_Theta_Rel": 0.20377177453922288,
    "EEG_Ch5_Theta_Abs": 4.883865334005216,
    "EEG_Ch5_Theta_Rel": 0.18483473168804423,
    "EEG_Ch6_Theta_Abs": 6.701101355922584,
    "EEG_Ch6_Theta_Rel": 0.1255112602808759,
    "EEG_Ch7_Theta_Abs": 5.311170344301953,
    "EEG_Ch7_Theta_Rel": 0.13775612792123082,
    "EEG_Ch8_Theta_Abs": 1.6745238841368337,
    "EEG_Ch8_Theta_Rel": 0.15527475344434774,
    "EEG_Ch1_Alpha_Abs": 2.576876327763619,
    "EEG_Ch1_Alpha_Rel": 0.09593129669595395,
    "EEG_Ch2_Alpha_Abs": 3.2880272359566542,
    "EEG_Ch2_Alpha_Rel": 0.07984454459414392,
    "EEG_Ch3_Alpha_Abs": 2.578963098670561,
    "EEG_Ch3_Alpha_Rel": 0.1083826547808091,
    "EEG_Ch4_Alpha_Abs": 2.7479870899910264,
    "EEG_Ch4_Alpha_Rel": 0.10103164622408099,
    "EEG_Ch5_Alpha_Abs": 2.6436890117625444,
    "EEG_Ch5_Alpha_Rel": 0.10043715480306936,
    "EEG_Ch6_Alpha_Abs": 3.6665916666156217,
    "EEG_Ch6_Alpha_Rel": 0.06848713512781847,
    "EEG_Ch7_Alpha_Abs": 3.0302738071678275,
    "EEG_Ch7_Alpha_Rel": 0.0785949592136089,
    "EEG_Ch8_Alpha_Abs": 1.4800739751634566,
    "EEG_Ch8_Alpha_Rel": 0.13747067422066542,
    "EEG_Ch1_Beta_Abs": 6.285375044563112,
    "EEG_Ch1_Beta_Rel": 0.23362465407780073,
    "EEG_Ch2_Beta_Abs": 8.539399951831452,
    "EEG_Ch2_Beta_Rel": 0.2067923197769016,
    "EEG_Ch3_Beta_Abs": 5.1699318468225,
    "EEG_Ch3_Beta_Rel": 0.21705308391617395,
    "EEG_Ch4_Beta_Abs": 6.626706962753197,
    "EEG_Ch4_Beta_Rel": 0.24340217970119857,
    "EEG_Ch5_Beta_Abs": 5.678308445237735,
    "EEG_Ch5_Beta_Rel": 0.21517224891970851,
    "EEG_Ch6_Beta_Abs": 11.72992019329086,
    "EEG_Ch6_Beta_Rel": 0.21883130805702086,
    "EEG_Ch7_Beta_Abs": 8.275293650451275,
    "EEG_Ch7_Beta_Rel": 0.21420925919920428,
    "EEG_Ch8_Beta_Abs": 1.9275493135050226,
    "EEG_Ch8_Beta_Rel": 0.1791532493102068,
    "EEG_Ch1_Gamma_Abs": 2.174955007701721,
    "EEG_Ch1_Gamma_Rel": 0.0810640376569907,
    "EEG_Ch2_Gamma_Abs": 4.280275334582647,
    "EEG_Ch2_Gamma_Rel": 0.1035774384562309,
    "EEG_Ch3_Gamma_Abs": 2.0164364214344457,
    "EEG_Ch3_Gamma_Rel": 0.08467534925118848,
    "EEG_Ch4_Gamma_Abs": 2.4022241335734047,
    "EEG_Ch4_Gamma_Rel": 0.08836650656781851,
    "EEG_Ch5_Gamma_Abs": 2.4982414935540356,
    "EEG_Ch5_Gamma_Rel": 0.09468885827549188,
    "EEG_Ch6_Gamma_Abs": 5.919917488698183,
    "EEG_Ch6_Gamma_Rel": 0.1111550604436828,
    "EEG_Ch7_Gamma_Abs": 4.244839147219487,
    "EEG_Ch7_Gamma_Rel": 0.10978228954058418,
    "EEG_Ch8_Gamma_Abs": 0.6624055383002446,
    "EEG_Ch8_Gamma_Rel": 0.06156341666512256,
    "EEG_Frontal_TAR": 1.924115976167642,
    "EEG_Frontal_TBR": 0.765304113439651,
    "EEG_FAA_AF4_AF3": -0.24491292141283927,
    "EEG_Ch1_ApproxEn": 0.3023380027816088,
    "EEG_Ch1_Fractal": 1.0023618192665609,
    "EEG_Ch2_ApproxEn": 0.3916417341791269,
    "EEG_Ch2_Fractal": 1.0024922530074065,
    "EEG_Ch3_ApproxEn": 0.34293153201385396,
    "EEG_Ch3_Fractal": 1.0023906871340922,
    "EEG_Ch4_ApproxEn": 0.280559713418171,
    "EEG_Ch4_Fractal": 1.0023851509298622,
    "EEG_Ch5_ApproxEn": 0.3639708072266104,
    "EEG_Ch5_Fractal": 1.002437331143963,
    "EEG_Ch6_ApproxEn": 0.1285757748842092,
    "EEG_Ch6_Fractal": 1.0024861313762303,
    "EEG_Ch7_ApproxEn": 0.3874707697425574,
    "EEG_Ch7_Fractal": 1.0025116077370348,
    "EEG_Ch8_ApproxEn": 0.13430382265512586,
    "EEG_Ch8_Fractal": 1.0023550942341672,
    "GSR_Raw_Mean": 10.910899577943482,
    "GSR_SCL_Mean": 10.899122214661977,
    "GSR_SCR_Peaks": 14.333333333333334,
    "GSR_SCR_Amplitude": 0.5030319552391449,
    "GSR_Phasic_STD": 0.6133017809238462,
    "ECG_HRV_MeanNN": 636.0984883902136,
    "ECG_HRV_SDNN": 21.818476711054146,
    "ECG_HRV_RMSSD": 14.909797331238444,
    "ECG_HRV_pNN50": 0.7246376811594203,
    "ECG_HRV_LF": 0.0370140392299633,
    "ECG_HRV_HF": 0.016249109097638634,
    "ECG_HRV_LFHF": 3.0633734978926106,
    "ECG_HRV_SD1": 10.598878153223595,
    "ECG_HRV_SD2": 28.91638309352766,
    "ET_Gaze_Entropy": 2.6784696287154914,
    "ET_Fix_Rate": 64.6976851851852,
    "ET_Blink_Count": 12.333333333333334,
    "ET_Saccade_Dist": 0.002327280796337421
}