{
    "EEG_Ch1_Delta_Abs": 13812716294424.045,
    "EEG_Ch1_Delta_Rel": 0.06307541068815113,
    "EEG_Ch2_Delta_Abs": 15473053493098.12,
    "EEG_Ch2_Delta_Rel": 0.06857521177836447,
    "EEG_Ch3_Delta_Abs": 17479655869480.572,
    "EEG_Ch3_Delta_Rel": 0.07469482273786336,
    "EEG_Ch4_Delta_Abs": 13861467064610.76,
    "EEG_Ch4_Delta_Rel": 0.06145988059146088,
    "EEG_Ch5_Delta_Abs": 15638865169070.594,
    "EEG_Ch5_Delta_Rel": 0.06815159941720154,
    "EEG_Ch6_Delta_Abs": 15178364534214.506,
    "EEG_Ch6_Delta_Rel": 0.06684495939810238,
    "EEG_Ch7_Delta_Abs": 13054840695431.705,
    "EEG_Ch7_Delta_Rel": 0.058492545536331673,
    "EEG_Ch8_Delta_Abs": 14796643540353.205,
    "EEG_Ch8_Delta_Rel": 0.0639320882379739,
    "EEG_Ch1_Theta_Abs": 19000332495856.504,
    "EEG_Ch1_Theta_Rel": 0.08674552879003755,
    "EEG_Ch2_Theta_Abs": 20580836761067.49,
    "EEG_Ch2_Theta_Rel": 0.09106880878037316,
    "EEG_Ch3_Theta_Abs": 20492810069607.49,
    "EEG_Ch3_Theta_Rel": 0.08804990846899852,
    "EEG_Ch4_Theta_Abs": 20467473456644.16,
    "EEG_Ch4_Theta_Rel": 0.09080547186768906,
    "EEG_Ch5_Theta_Abs": 19203926957603.62,
    "EEG_Ch5_Theta_Rel": 0.08370200474725893,
    "EEG_Ch6_Theta_Abs": 19330353491815.77,
    "EEG_Ch6_Theta_Rel": 0.08518868701756804,
    "EEG_Ch7_Theta_Abs": 21124621629427.375,
    "EEG_Ch7_Theta_Rel": 0.09472841153578587,
    "EEG_Ch8_Theta_Abs": 21025444143528.367,
    "EEG_Ch8_Theta_Rel": 0.09087908275591017,
    "EEG_Ch1_Alpha_Abs": 24758585085959.656,
    "EEG_Ch1_Alpha_Rel": 0.11290812427333141,
    "EEG_Ch2_Alpha_Abs": 23352117159192.74,
    "EEG_Ch2_Alpha_Rel": 0.1033637812201756,
    "EEG_Ch3_Alpha_Abs": 25306167343865.793,
    "EEG_Ch3_Alpha_Rel": 0.10849651200535816,
    "EEG_Ch4_Alpha_Abs": 25709008606882.957,
    "EEG_Ch4_Alpha_Rel": 0.11399404133472557,
    "EEG_Ch5_Alpha_Abs": 25472343501747.707,
    "EEG_Ch5_Alpha_Rel": 0.11102162737269868,
    "EEG_Ch6_Alpha_Abs": 25261485662850.285,
    "EEG_Ch6_Alpha_Rel": 0.11145873191143725,
    "EEG_Ch7_Alpha_Abs": 25465937256504.246,
    "EEG_Ch7_Alpha_Rel": 0.11409764676963592,
    "EEG_Ch8_Alpha_Abs": 26233519593362.875,
    "EEG_Ch8_Alpha_Rel": 0.11343259323413195,
    "EEG_Ch1_Beta_Abs": 83068170658315.94,
    "EEG_Ch1_Beta_Rel": 0.37893796194569873,
    "EEG_Ch2_Beta_Abs": 85530540894267.38,
    "EEG_Ch2_Beta_Rel": 0.378152019369604,
    "EEG_Ch3_Beta_Abs": 88109842449373.67,
    "EEG_Ch3_Beta_Rel": 0.3784364457580864,
    "EEG_Ch4_Beta_Abs": 83810136796414.7,
    "EEG_Ch4_Beta_Rel": 0.3717294860691232,
    "EEG_Ch5_Beta_Abs": 90501129756291.5,
    "EEG_Ch5_Beta_Rel": 0.3944868380846169,
    "EEG_Ch6_Beta_Abs": 86856895700465.78,
    "EEG_Ch6_Beta_Rel": 0.3827190012480621,
    "EEG_Ch7_Beta_Abs": 83688808634998.61,
    "EEG_Ch7_Beta_Rel": 0.37533105409477296,
    "EEG_Ch8_Beta_Abs": 85890831365919.84,
    "EEG_Ch8_Beta_Rel": 0.3711802776431033,
    "EEG_Ch1_Gamma_Abs": 78494480307285.27,
    "EEG_Ch1_Gamma_Rel": 0.35833297430278127,
    "EEG_Ch2_Gamma_Abs": 81037239782087.45,
    "EEG_Ch2_Gamma_Rel": 0.3588401788514828,
    "EEG_Ch3_Gamma_Abs": 81721950025629.86,
    "EEG_Ch3_Gamma_Rel": 0.3503223110296936,
    "EEG_Ch4_Gamma_Abs": 81610313275308.33,
    "EEG_Ch4_Gamma_Rel": 0.36201112013700126,
    "EEG_Ch5_Gamma_Abs": 78619613383566.2,
    "EEG_Ch5_Gamma_Rel": 0.34263793037822393,
    "EEG_Ch6_Gamma_Abs": 80261749053115.52,
    "EEG_Ch6_Gamma_Rel": 0.35378862042483017,
    "EEG_Ch7_Gamma_Abs": 79788865865773.64,
    "EEG_Ch7_Gamma_Rel": 0.35735034206347355,
    "EEG_Ch8_Gamma_Abs": 83425485098692.89,
    "EEG_Ch8_Gamma_Rel": 0.3605759581288806,
    "EEG_Frontal_TAR": 0.8240161288190304,
    "EEG_Frontal_TBR": 0.2353735949590402,
    "EEG_FAA_AF4_AF3": 0.05613486501968742,
    "EEG_Ch1_ApproxEn": 2.257010356487027,
    "EEG_Ch1_Fractal": 1.0219724175016323,
    "EEG_Ch2_ApproxEn": 2.255696539515021,
    "EEG_Ch2_Fractal": 1.0219790761329748,
    "EEG_Ch3_ApproxEn": 2.2537214348185413,
    "EEG_Ch3_Fractal": 1.0218922635156196,
    "EEG_Ch4_ApproxEn": 2.2593415598503146,
    "EEG_Ch4_Fractal": 1.0219434279944926,
    "EEG_Ch5_ApproxEn": 2.256461940553205,
    "EEG_Ch5_Fractal": 1.0219770774248478,
    "EEG_Ch6_ApproxEn": 2.256189165191435,
    "EEG_Ch6_Fractal": 1.0219272773853207,
    "EEG_Ch7_ApproxEn": 2.256119686680668,
    "EEG_Ch7_Fractal": 1.0219540851175521,
    "EEG_Ch8_ApproxEn": 2.2562071914890445,
    "EEG_Ch8_Fractal": 1.022001716943109,
    "GSR_Raw_Mean": 4.999610854117075,
    "GSR_SCL_Mean": 4.997326129807138,
    "GSR_SCR_Peaks": 95.0,
    "GSR_SCR_Amplitude": 0.49936925828828166,
    "GSR_Phasic_STD": 0.3533648968195238,
    "ET_Pupil_Mean": 3.014001070442846,
    "ET_Gaze_Entropy": 1.665828775591961,
    "ET_Fix_Rate": 0.0,
    "ET_Blink_Count": 0.0
}