{
    "EEG_Ch1_Delta_Abs": 1.0436833006911584e+16,
    "EEG_Ch1_Delta_Rel": 0.0011025090648261624,
    "EEG_Ch2_Delta_Abs": 1.0462334701747146e+16,
    "EEG_Ch2_Delta_Rel": 0.001105254581770113,
    "EEG_Ch3_Delta_Abs": 1.0550382890167614e+16,
    "EEG_Ch3_Delta_Rel": 0.0011146213229513095,
    "EEG_Ch4_Delta_Abs": 1.0621379494264096e+16,
    "EEG_Ch4_Delta_Rel": 0.0011220196281525022,
    "EEG_Ch5_Delta_Abs": 1.061339308149408e+16,
    "EEG_Ch5_Delta_Rel": 0.0011211734820714026,
    "EEG_Ch6_Delta_Abs": 1.0641089490488598e+16,
    "EEG_Ch6_Delta_Rel": 0.0011242173007239545,
    "EEG_Ch7_Delta_Abs": 1.0623562899223934e+16,
    "EEG_Ch7_Delta_Rel": 0.0011222689677105996,
    "EEG_Ch8_Delta_Abs": 2.4175270212637502e+22,
    "EEG_Ch8_Delta_Rel": 0.035449414695764805,
    "EEG_Ch1_Theta_Abs": 2518618299644150.5,
    "EEG_Ch1_Theta_Rel": 0.00026604764351173836,
    "EEG_Ch2_Theta_Abs": 2488179187357685.5,
    "EEG_Ch2_Theta_Rel": 0.0002628583700142838,
    "EEG_Ch3_Theta_Abs": 2466259582346592.5,
    "EEG_Ch3_Theta_Rel": 0.000260562824642881,
    "EEG_Ch4_Theta_Abs": 2492528076652745.5,
    "EEG_Ch4_Theta_Rel": 0.00026330328053250196,
    "EEG_Ch5_Theta_Abs": 2423356895315897.5,
    "EEG_Ch5_Theta_Rel": 0.00025599275529213957,
    "EEG_Ch6_Theta_Abs": 2405436104099570.5,
    "EEG_Ch6_Theta_Rel": 0.00025412255671455495,
    "EEG_Ch7_Theta_Abs": 2489166828309718.0,
    "EEG_Ch7_Theta_Rel": 0.0002629671867247924,
    "EEG_Ch8_Theta_Abs": 3.1859712968577717e+22,
    "EEG_Ch8_Theta_Rel": 0.04671693530749801,
    "EEG_Ch1_Alpha_Abs": 2754697629558533.5,
    "EEG_Ch1_Alpha_Rel": 0.00029098295227848774,
    "EEG_Ch2_Alpha_Abs": 2731644287786721.5,
    "EEG_Ch2_Alpha_Rel": 0.00028858243141966855,
    "EEG_Ch3_Alpha_Abs": 2711832759146610.0,
    "EEG_Ch3_Alpha_Rel": 0.0002865127214786684,
    "EEG_Ch4_Alpha_Abs": 2744524341617765.5,
    "EEG_Ch4_Alpha_Rel": 0.0002899261879299643,
    "EEG_Ch5_Alpha_Abs": 2685403914236564.5,
    "EEG_Ch5_Alpha_Rel": 0.0002836753095775203,
    "EEG_Ch6_Alpha_Abs": 2706781257207786.5,
    "EEG_Ch6_Alpha_Rel": 0.000285957260498119,
    "EEG_Ch7_Alpha_Abs": 2780220749204588.5,
    "EEG_Ch7_Alpha_Rel": 0.00029371811535600095,
    "EEG_Ch8_Alpha_Abs": 4.021039370166036e+22,
    "EEG_Ch8_Alpha_Rel": 0.058961726446320604,
    "EEG_Ch1_Beta_Abs": 1.0994818647584966e+16,
    "EEG_Ch1_Beta_Rel": 0.0011613920182088659,
    "EEG_Ch2_Beta_Abs": 1.0903724488824342e+16,
    "EEG_Ch2_Beta_Rel": 0.0011519143089646822,
    "EEG_Ch3_Beta_Abs": 1.0753519872117592e+16,
    "EEG_Ch3_Beta_Rel": 0.0011361413815597313,
    "EEG_Ch4_Beta_Abs": 1.0844144501709206e+16,
    "EEG_Ch4_Beta_Rel": 0.001145557300458361,
    "EEG_Ch5_Beta_Abs": 1.0719083980564156e+16,
    "EEG_Ch5_Beta_Rel": 0.0011323142238702795,
    "EEG_Ch6_Beta_Abs": 1.0800300569768942e+16,
    "EEG_Ch6_Beta_Rel": 0.0011409958069397543,
    "EEG_Ch7_Beta_Abs": 1.0952083705336178e+16,
    "EEG_Ch7_Beta_Rel": 0.001157043317058183,
    "EEG_Ch8_Beta_Abs": 1.446521116594833e+23,
    "EEG_Ch8_Beta_Rel": 0.21210774597150742,
    "EEG_Ch1_Gamma_Abs": 9.440034796312685e+18,
    "EEG_Ch1_Gamma_Rel": 0.9971790683211749,
    "EEG_Ch2_Gamma_Abs": 9.4390552471761e+18,
    "EEG_Ch2_Gamma_Rel": 0.9971913903078313,
    "EEG_Ch3_Gamma_Abs": 9.438737392155574e+18,
    "EEG_Ch3_Gamma_Rel": 0.9972021617493674,
    "EEG_Ch4_Gamma_Abs": 9.439538644872993e+18,
    "EEG_Ch4_Gamma_Rel": 0.9971791936029267,
    "EEG_Ch5_Gamma_Abs": 9.440151396839694e+18,
    "EEG_Ch5_Gamma_Rel": 0.9972068442291886,
    "EEG_Ch6_Gamma_Abs": 9.438928671067695e+18,
    "EEG_Ch6_Gamma_Rel": 0.9971947070751237,
    "EEG_Ch7_Gamma_Abs": 9.43892967148963e+18,
    "EEG_Ch7_Gamma_Rel": 0.9971640024131506,
    "EEG_Ch8_Gamma_Abs": 4.410774945467731e+23,
    "EEG_Ch8_Gamma_Rel": 0.646764177578909,
    "EEG_Frontal_TAR": 0.9127270986224515,
    "EEG_Frontal_TBR": 0.22891761374872566,
    "EEG_FAA_AF4_AF3": 0.008301418147482309,
    "EEG_Ch1_ApproxEn": 0.20304261446980196,
    "EEG_Ch1_Fractal": 1.0244308488543492,
    "EEG_Ch2_ApproxEn": 0.20870022265655352,
    "EEG_Ch2_Fractal": 1.024433783212496,
    "EEG_Ch3_ApproxEn": 0.20858163895168783,
    "EEG_Ch3_Fractal": 1.0244039363770252,
    "EEG_Ch4_ApproxEn": 0.2022851024778308,
    "EEG_Ch4_Fractal": 1.024451064933814,
    "EEG_Ch5_ApproxEn": 0.20303061379378753,
    "EEG_Ch5_Fractal": 1.0244323166176412,
    "EEG_Ch6_ApproxEn": 0.20850562075926504,
    "EEG_Ch6_Fractal": 1.0244298696554266,
    "EEG_Ch7_ApproxEn": 0.20846054086385615,
    "EEG_Ch7_Fractal": 1.024408337999744,
    "EEG_Ch8_ApproxEn": 0.31900098133093896,
    "EEG_Ch8_Fractal": 1.0244505759750921,
    "GSR_Raw_Mean": -0.003890266499117974,
    "GSR_SCL_Mean": -0.003934778289692322,
    "GSR_SCR_Peaks": 74.33333333333333,
    "GSR_SCR_Amplitude": 0.0003040476296124307,
    "GSR_Phasic_STD": 0.00028173327367298374,
    "ET_Fix_Rate": 0.0,
    "ET_Blink_Count": 0.0
}